AF;Afghanistan;(l');M;l'Afghanistan;afghan(s)/afghane(s);Kaboul
ZA;Afrique du Sud;(l');F;la République d'Afrique du Sud;sud-africain(s)/sud-africaine(s);Pretoria Le Cap (siège du Parlement)
AL;Albanie;(l');F;la République d'Albanie;albanais/albanaise(s);Tirana
DZ;Algérie;(l');F;la République algérienne démocratique et populaire;algérien(s)/algérienne(s);Alger
DE;Allemagne;(l');F;la République fédérale d'Allemagne;allemand(s)/allemande(s);Berlin
AD;Andorre;(l');F;la Principauté d'Andorre;andorran(s)/andorrane(s);Andorre-la-Vieille
AO;Angola;(l');M;la République d'Angola;angolais/angolaise(s);Luanda
AG;Antigua-et-Barbuda;;F;Antigua-et-Barbuda;d'Antigua-et-Barbuda;Saint John's
SA;Arabie saoudite;(l');F;le Royaume d'Arabie saoudite;saoudien(s)/saoudienne(s);Riyad
AR;Argentine;(l');F;la République argentine;argentin(s)/argentine(s);Buenos Aires
AM;Arménie;(l');F;la République d'Arménie;arménien(s)/arménienne(s);Erevan
AU;Australie;(l');F;le Commonwealth d'Australie;australien(s)/australienne(s);Canberra
AT;Autriche;(l');F;la République d'Autriche;autrichien(s)/autrichienne(s);Vienne
AZ;Azerbaïdjan;(l');M;la République azerbaïdjanaise;azerbaïdjanais/azerbaïdjanaise(s);Bakou
BS;Bahamas;(les);F;le Commonwealth des Bahamas;bahamien(s)/bahamienne(s);Nassau
BH;Bahreïn;;M;le Royaume de Bahreïn;bahreïnien(s)/bahreïnienne(s);Manama
BD;Bangladesh;(le);M;la République populaire du Bangladesh;bangladais/bangladaise(s);Dacca
BB;Barbade;(la);F;la Barbade;barbadien(s)/barbadienne(s);Bridgetown
BY;Belarus;(le);M;la République du Belarus;bélarussien(s)/bélarussienne(s);Minsk
BE;Belgique;(la);F;le Royaume de Belgique;belge(s)/belge(s);Bruxelles
BZ;Belize;(le);M;le Belize;bélizien(s)/bélizienne(s);Belmopan
BJ;Bénin;(le);M;la République du Bénin;béninois/béninoise(s);Porto-Novo (capitale constitutionnelle) Cotonou (siège du gouvernement et des ambassades)
BT;Bhoutan;(le);M;le Royaume du Bhoutan;bhoutanais/bhoutanaise(s);Thimphu
BO;Bolivie;(la);F;la République de Bolivie;bolivien(s)/bolivienne(s);Sucre (capitale constitutionnelle) La Paz (siège du gouvernement et des ambassades)
BA;Bosnie-et-Herzégovine;(la);F;la Bosnie-et-Herzégovine;de Bosnie-et-Herzégovine;Sarajevo
BW;Botswana;(le);M;la République du Botswana;botswanais/botswanaise(s);Gaborone
BR;Brésil;(le);M;la République fédérative du Brésil;brésilien(s)/brésilienne(s);Brasilia
BN;Brunei;(le);M;le Negara Brunei Darussalam;du Brunei;Bandar Seri Begawan
BG;Bulgarie;(la);F;la République de Bulgarie;bulgare(s)/bulgare(s);Sofia
BF;Burkina;(le);M;le Burkina Faso;burkinabè;Ouagadougou
BI;Burundi;(le);M;la République du Burundi;burundais/burundaise(s);Bujumbura
KH;Cambodge;(le);M;le Royaume du Cambodge;cambodgien(s)/cambodgienne(s);Phnom Penh
CM;Cameroun;(le);M;la République du Cameroun;camerounais/camerounaise(s);Yaoundé
CA;Canada;(le);M;le Canada;canadien(s)/canadienne(s);Ottawa
CV;Cap-Vert;(le);M;la République du Cap-Vert;cap-verdien(s)/cap-verdienne(s);Praia;centrafricaine (voir «République centrafricaine»); ; ; ; 
CL;Chili;(le);M;la République du Chili;chilien(s)/chilienne(s);Santiago
CN;Chine;(la);F;la République populaire de Chine;chinois/chinoise(s);Pékin
CY;Chypre;;F;la République de Chypre;chypriote(s)/chypriote(s);Nicosie
CO;Colombie;(la);F;la République de Colombie;colombien(s)/colombienne(s);Bogota
KM;Comores;(les);F;la République fédérale islamique des Comores;comorien(s)/comorienne(s);Moroni
CG;Congo;(le);M;la République du Congo;congolais/congolaise(s);Brazzaville
KP;Corée du Nord;(la);F;la République populaire démocratique de Corée;de la République populaire démocratique de Corée, coréen(s)/coréenne(s), nord-coréen(s)/nord-coréenne(s);Pyongyang
KR;Corée du Sud;(la);F;la République de Corée;de la République de Corée, coréen(s)/coréenne(s), sud-coréen(s)/sud-coréenne(s);Séoul
CR;Costa Rica;(le);M;la République du Costa Rica;costaricien(s)/costaricienne(s);San José
CI;Côte d'Ivoire;(la);F;la République de Côte d'Ivoire;ivoirien(s)/ivoirienne(s);Yamoussoukro
HR;Croatie;(la);F;la République de Croatie;croate(s)/croate(s);Zagreb
CU;Cuba;;F;la République de Cuba;cubain(s)/cubaine(s);La Havane
DK;Danemark;(le);M;le Royaume de Danemark;danois/danoise(s);Copenhague
DJ;Djibouti;;M;la République de Djibouti;djiboutien(s)/djiboutienne(s);Djibouti
DM;Dominique;(la);F;le Commonwealth de Dominique;dominiquais/dominiquaise(s);Roseau
EG;Égypte;(l');F;la République arabe d'Égypte;égyptien(s)/égyptienne(s);Le Caire
SV;El Salvador;(l');M;la République d'El Salvador;salvadorien(s)/salvadorienne(s);San Salvador
AE;Émirats arabes unis;(les);M;les Émirats arabes unis;des Émirats arabes unis;Abou Dhabi
EC;Équateur;(l');M;la République de l'Équateur;équatorien(s)/équatorienne(s);Quito
ER;Érythrée;(l');F;l'État d'Érythrée;érythréen(s)/érythréenne(s);Asmara
ES;Espagne;(l');F;le Royaume d'Espagne;espagnol(s)/espagnole(s);Madrid
EE;Estonie;(l');F;la République d'Estonie;estonien(s)/estonienne(s);Tallinn
US;États-Unis;(les);M;les États-Unis d'Amérique;des États-Unis, américain(s)/américaine(s);Washington
ET;Éthiopie;(l');F;la République démocratique fédérale d'Éthiopie;éthiopien(s)/éthiopienne(s);Addis-Abeba
FJ;Fidji;(les Îles);F;la République des Îles Fidji;des Îles Fidji;Suva
FI;Finlande;(la);F;la République de Finlande;finlandais/finlandaise(s);Helsinki
FR;France;(la);F;la République française;français/française(s);Paris
GA;Gabon;(le);M;la République gabonaise;gabonais/gabonaise(s);Libreville
GM;Gambie;(la);F;la République de Gambie;gambien(s)/gambienne(s);Banjul
GE;Géorgie;(la);F;la Géorgie;géorgien(s)/géorgienne(s);Tbilissi
GH;Ghana;(le);M;la République du Ghana;ghanéen(s)/ghanéenne(s);Accra
GR;Grèce;(la);F;la République hellénique;grec(s)/grecque(s);Athènes
GD;Grenade;(la);F;la Grenade;grenadin(s)/grenadine(s);Saint George's
GT;Guatemala;(le);M;la République du Guatemala;guatémaltèque(s)/guatémaltèque(s);Ciudad de Guatemala
GN;Guinée;(la);F;la République de Guinée;guinéen(s)/guinéenne(s);Conakry
GW;Guinée-Bissau;(la);F;la République de Guinée-Bissau;de Guinée-Bissau;Bissau
GQ;Guinée équatoriale;(la);F;la République de Guinée équatoriale;équato-guinéen(s)/équato-guinéenne(s);Malabo
GY;Guyana;(la);F;la République coopérative de Guyana;guyanien(s)/guyanienne(s);Georgetown
HT;Haïti;;M;la République d'Haïti;haïtien(s)/haïtienne(s);Port-au-Prince
HN;Honduras;(le);M;la République du Honduras;hondurien(s)/hondurienne(s);Tegucigalpa
HU;Hongrie;(la);F;la République de Hongrie;hongrois/hongroise(s);Budapest
IN;Inde;(l');F;la République de l'Inde;indien(s)/indienne(s);New Delhi
ID;Indonésie;(l');F;la République d'Indonésie;indonésien(s)/indonésienne(s);Jakarta
IR;Iran;(l');M;la République islamique d'Iran;iranien(s)/iranienne(s);Téhéran
IQ;Iraq;(l');M;la République d'Iraq;iraquien(s)/iraquienne(s);Bagdad
IE;Irlande;(l');F;l'Irlande;irlandais/irlandaise(s);Dublin
IS;Islande;(l');F;la République d'Islande;islandais/islandaise(s);Reykjavik
IL;Israël;;M;l'État d'Israël;israélien(s)/israélienne(s);
IT;Italie;(l');F;la République italienne;italien(s)/italienne(s);Rome
LY;Libye;(la);F;la Jamahiriya arabe libyenne populaire et socialiste;libyen(s)/libyenne(s);Tripoli
JM;Jamaïque;(la);F;la Jamaïque;jamaïquain(s)/jamaïquaine(s);Kingston
JP;Japon;(le);M;le Japon;japonais/japonaise(s);Tokyo
JO;Jordanie;(la);F;le Royaume hachémite de Jordanie;jordanien(s)/jordanienne(s);Amman
KZ;Kazakhstan;(le);M;la République du Kazakhstan;kazakh(s)/kazakhe(s);Astana
KE;Kenya;(le);M;la République du Kenya;kényan(s)/kényane(s);Nairobi
KG;Kirghizstan;(le);M;la République kirghize;kirghize(s)/kirghize(s);Bichkek
KI;Kiribati;;F;la République de Kiribati;kiribatien(s)/kiribatienne(s);Tarawa
KW;Koweït;(le);M;l'État du Koweït;koweïtien(s)/koweïtienne(s);Koweït
LA;Laos;(le);M;la République démocratique populaire lao;laotien(s)/laotienne(s);Vientiane
LS;Lesotho;(le);M;le Royaume du Lesotho;du Lesotho;Maseru
LV;Lettonie;(la);F;la République de Lettonie;letton(s)/lettone(s);Riga
LB;Liban;(le);M;la République libanaise;libanais/libanaise(s);Beyrouth
LR;Liberia;(le);M;la République du Liberia;libérien(s)/libérienne(s);Monrovia
LI;Liechtenstein;(le);M;la Principauté de Liechtenstein;liechtensteinois/liechtensteinoise(s);Vaduz
LT;Lituanie;(la);F;la République de Lituanie;lituanien(s)/lituanienne(s);Vilnius
LU;Luxembourg;(le);M;le Grand-Duché de Luxembourg;luxembourgeois/luxembourgeoise(s);Luxembourg
MG;Madagascar;;F;la République de Madagascar;malgache(s)/malgache(s);Antananarivo
MY;Malaisie;(la);F;la Malaisie;malaisien(s)/malaisienne(s);Kuala Lumpur
MW;Malawi;(le);M;la République du Malawi;malawien(s)/malawienne(s);Lilongwe
MV;Maldives;(les);F;la République des Maldives;maldivien(s)/maldivienne(s);Malé
ML;Mali;(le);M;la République du Mali;malien(s)/malienne(s);Bamako
MT;Malte;;F;la République de Malte;maltais/maltaise(s);La Valette
MA;Maroc;(le);M;le Royaume du Maroc;marocain(s)/marocaine(s);Rabat
MH;Marshall;(les Îles);F;la République des Îles Marshall;marshallais/marshallaise(s);Majuro
MU;Maurice;;F;la République de Maurice;mauricien(s)/mauricienne(s);Port-Louis
MR;Mauritanie;(la);F;la République islamique de Mauritanie;mauritanien(s)/mauritanienne(s);Nouakchott
MX;Mexique;(le);M;les États-Unis mexicains;mexicain(s)/mexicaine(s);Mexico
FM;Micronésie;(la);F;les États fédérés de Micronésie;micronésien(s)/micronésienne(s);Palikir
MD;Moldova;(la);F;la République de Moldova;moldove(s)/moldove(s);Chisinau
MC;Monaco;;M;la Principauté de Monaco;monégasque(s)/monégasque(s);Monaco
MN;Mongolie;(la);F;la Mongolie;mongol(s)/mongole(s);Oulan-Bator
MZ;Mozambique;(le);M;la République du Mozambique;mozambicain(s)/mozambicaine(s);Maputo
MM;Myanmar;(le);M;l'Union du Myanmar;du Myanmar;Yangon
NA;Namibie;(la);F;la République de Namibie;namibien(s)/namibienne(s);Windhoek
NR;Nauru;;F;la République de Nauru;nauruan(s)/nauruane(s);Yaren
NP;Népal;(le);M;le Royaume du Népal;népalais/népalaise(s);Katmandou
NI;Nicaragua;(le);M;la République du Nicaragua;nicaraguayen(s)/nicaraguayenne(s);Managua
NE;Niger;(le);M;la République du Niger;nigérien(s)/nigérienne(s);Niamey
NG;Nigeria;(le);M;la République fédérale du Nigeria;nigérian(s)/nigériane(s);Abuja
NO;Norvège;(la);F;le Royaume de Norvège;norvégien(s)/ norvégienne(s);Oslo
NZ;Nouvelle-Zélande;(la);F;la Nouvelle-Zélande;néo-zélandais/néo-zélandaise(s);Wellington
OM;Oman;;M;le Sultanat d'Oman;omanais/omanaise(s);Mascate
UG;Ouganda;(l');M;la République d'Ouganda;ougandais/ougandaise(s);Kampala
UZ;Ouzbékistan;(l');M;la République d'Ouzbékistan;ouzbek(s)/ouzbèke(s);Tachkent
PK;Pakistan;(le);M;la République islamique du Pakistan;pakistanais/pakistanaise(s);Islamabad
PW;Palau;;F (sing.);la République de Palau;palauan(s)/palauane(s);Koror
PA;Panama;(le);M;la République du Panama;panaméen(s)/panaméenne(s);Panama
PG;Papouasie - Nouvelle-Guinée;(la);F;l'État indépendant de Papouasie - Nouvelle-Guinée;de Papouasie - Nouvelle-Guinée;Port Moresby
PY;Paraguay;(le);M;la République du Paraguay;paraguayen(s)/paraguayenne(s);Asunción
NL;Pays-Bas;(les);M;le Royaume des Pays-Bas;néerlandais/néerlandaise(s);Amsterdam (capitale constitutionnelle) La Haye (siège de la Cour, du gouvernement, du Parlement et des ambassades)
PE;Pérou;(le);M;la République du Pérou;péruvien(s)/péruvienne(s);Lima
PH;Philippines;(les);F;la République des Philippines;philippin(s)/philippine(s);Manille
PL;Pologne;(la);F;la République de Pologne;polonais/polonaise(s);Varsovie
PT;Portugal;(le);M;la République portugaise;portugais/portugaise(s);Lisbonne
QA;Qatar;(le);M;l'État du Qatar;qatarien(s)/qatarienne(s);Doha
CF;République centrafricaine;(la);F;la République centrafricaine;centrafricain(s)/centrafricaine(s);Bangui
CD;République démocratique du Congo;(la);F;la République démocratique du Congo;de la République démocratique du Congo, congolais/congolaise(s);Kinshasa
DO;République dominicaine;(la);F;la République dominicaine;dominicain(s)/dominicaine(s);Saint-Domingue
CZ;République tchèque;(la);F;la République tchèque;tchèque(s)/tchèque(s);Prague
RO;Roumanie;(la);F;la Roumanie;roumain(s)/roumaine(s);Bucarest
GB;Royaume-Uni;(le);M;le Royaume-Uni de Grande-Bretagne et d'Irlande du Nord;du Royaume-Uni, britannique(s)/britannique(s);Londres
RU;Russie;(la);F;la Fédération de Russie;russe(s)/russe(s);Moscou
RW;Rwanda;(le);M;la République rwandaise;rwandais/rwandaise(s);Kigali
KN;Saint-Christophe- et-Nevis;;F;Saint-Christophe-et-Nevis;de Saint-Christophe- et-Nevis;Basseterre
LC;Sainte-Lucie;;F;Sainte-Lucie;saint-lucien(s)/;saint-lucienne(s);Castries
SM;Saint-Marin;;M;la République de Saint-Marin;saint-marinais/saint-marinaise(s);Saint-Marin
VA;Saint-Siège;(le);M;le Saint-Siège;du Saint-Siège; 
VC;Saint-Vincent- et-les-Grenadines;;F (sing.);Saint-Vincent-et-les-Grenadines;de Saint-Vincent- et-les-Grenadines;Kingstown
SB;Salomon;(les Îles);F;les Îles Salomon;salomonais/salomonaise(s);Honiara
WS;Samoa;(le);M;l'État indépendant du Samoa;samoan(s)/samoane(s);Apia
ST;São Tomé e Príncipe;;M;la République démocratique de São Tomé e Príncipe;de São Tomé e Príncipe;São Tomé
SN;Sénégal;(le);M;la République du Sénégal;sénégalais/sénégalaise(s);Dakar
SC;Seychelles;(les);F;la République des Seychelles;seychellois/seychelloise(s);Victoria
SL;Sierra Leone;(la);F;la République de Sierra Leone;de Sierra Leone;Freetown
SG;Singapour;;F;la République de Singapour;singapourien(s)/singapourienne(s);Singapour
SK;Slovaquie;(la);F;la République slovaque;slovaque(s)/slovaque(s);Bratislava
SI;Slovénie;(la);F;la République de Slovénie;slovène(s)/slovène(s);Ljubljana
SO;Somalie;(la);F;la République démocratique de Somalie;somalien(s)/somalienne(s);Muqdisho
SD;Soudan;(le);M;la République du Soudan;soudanais/soudanaise(s);Khartoum
LK;Sri Lanka;;F;la République socialiste démocratique de Sri;Lanka;sri-lankais/sri-lankaise(s);Colombo
SE;Suède;(la);F;le Royaume de Suède;suédois/suédoise(s);Stockholm
CH;Suisse;(la);F;la Confédération suisse;suisse(s)/suisse(s);Berne
SR;Suriname;(le);M;la République du Suriname;surinamais/surinamaise(s);Paramaribo
SZ;Swaziland;(le);M;le Royaume du Swaziland;swazi(s)/swazie(s);Mbabane
SY;Syrie;(la);F;la République arabe syrienne;syrien(s)/syrienne(s);Damas
TJ;Tadjikistan;(le);M;la République du Tadjikistan;tadjik(s)/tadjike(s);Douchanbé
TW;Taïwan;;F;la République de Chine ,Taïwan;de la République de Chine, de Taïwan;Taipei
TZ;Tanzanie;(la);F;la République unie de Tanzanie;tanzanien(s)/tanzanienne(s);Dodoma
TD;Tchad;(le);M;la République du Tchad;tchadien(s)/tchadienne(s);N'Djamena
TH;Thaïlande;(la);F;le Royaume de Thaïlande;thaïlandais/thaïlandaise(s);Bangkok
TL;Timor-Oriental;(le);M;la République démocratique du Timor-Oriental;est-timorais;Díli
TG;Togo;(le);M;la République togolaise;togolais/togolaise(s);Lomé
TO;Tonga;;F (sing.);le Royaume de Tonga;tongan(s)/tongane(s);Nuku'alofa
TT;Trinidad-et-Tobago;;F;la République de Trinidad-et-Tobago;trinidadien(s)/trinidadienne(s);Port of Spain
TN;Tunisie;(la);F;la République tunisienne;tunisien(s)/tunisienne(s);Tunis
TM;Turkménistan;(le);M;le Turkménistan;turkmène(s)/turkmène(s);Achgabat
TR;Turquie;(la);F;la République de Turquie;turc(s)/turque(s);Ankara
TV;Tuvalu;;F;Tuvalu;tuvaluan(s)/tuvaluane(s);Funafuti
UA;Ukraine;(l');F;l'Ukraine;ukrainien(s)/ukrainienne(s);Kiev
UY;Uruguay;(l');M;la République orientale de l'Uruguay;uruguayen(s)/uruguayenne(s);Montevideo
VU;Vanuatu;;F;la République de Vanuatu;vanuatuan(s)/vanuatuane(s);Port Vila
VE;Venezuela;(le);M;la République bolivarienne du Venezuela;vénézuélien(s)/vénézuélienne(s);Caracas
VN;Viêt Nam;(le);M;la République socialiste du Viêt Nam;vietnamien(s)/vietnamienne(s);Hanoï
YE;Yémen;(le);M;la République du Yémen;yéménite(s)/yéménite(s);Sanaa
ZM;Zambie;(la);F;la République de Zambie;zambien(s)/zambienne(s);Lusaka
ZW;Zimbabwe;(le);M;la République du Zimbabwe;zimbabwéen(s)/zimbabwéenne(s);Harare
